-- Teams
INSERT INTO team(name) VALUES ('General'),('APT'),
('Front Arena'), ('XSP'), ('Quantum'), ('Sierra'),
('Insurance'), ('Adaptiv'), ('Apex Collateral'),
('PTDS '), ('ITDS');

-- Tags
INSERT INTO tag(name) VALUES ('finance'), ('technical'),
('procedural'), ('product'), ('clients');

-- Users
INSERT INTO users(name, surname, e_number, email, password, is_admin, team_team_id ) VALUES
('Ana', 'Stakic', 'e5637521', 'ana.stakic@fisglobal.com', 'dictionary123*', 1, 3 ),
('Aleksandra', 'Maksimovic', 'e5638600', 'aleksandra.maksimovic@fisglobal.com', 'dictionary123*', 1, 2 ),
('Nikola', 'Vitorovic', 'e5598277', 'nikola.vitorovic@fisglobal.com', 'dictionary123*', 1, 2 ),
('Nina', 'Milanovic', 'e5638799', 'nina.milanovic@fisglobal.com', 'dictionary123*', 1, 2 );

-- Terms
INSERT INTO `dictionary`.`term` (`term_id`, `description`, `details`, `title`, `team_team_id`) VALUES (1, 'Yield refers to the earnings generated and realized on an investment over a particular period of time.', ' It\'s expressed as a percentage based on the invested amount, current market value, or face value of the security. It includes the interest earned or dividends received from holding a particular security. Depending on the valuation (fixed vs. fluctuating) of the security, yields may be classified as known or anticipated.', 'Yield', 1);
INSERT INTO `dictionary`.`term` (`term_id`, `description`, `details`, `title`, `team_team_id`) VALUES (2, 'Quantity demanded is a term used in economics to describe the total amount of a good or service that consumers demand over a given interval of time. ', 'Quantity demanded is a term used in economics to describe the total amount of a good or service that consumers demand over a given interval of time. It depends on the price of a good or service in a marketplace, regardless of whether that market is in equilibrium.', 'Quantity Demanded', 1);
INSERT INTO `dictionary`.`term` (`term_id`, `description`, `details`, `title`, `team_team_id`) VALUES (3, 'Leverage results from using borrowed capital as a funding source when investing to expand the firm\'s asset base and generate returns on risk capital.', ' Leverage is an investment strategy of using borrowed money—specifically, the use of various financial instruments or borrowed capital—to increase the potential return of an investment. Leverage can also refer to the amount of debt a firm uses to finance assets.', 'Leverage', 1);
INSERT INTO `dictionary`.`term` (`term_id`, `description`, `details`, `title`, `team_team_id`) VALUES (4, 'Liquidity refers to the efficiency or ease with which an asset or security can be converted into ready cash without affecting its market price. ', 'Liquidity refers to the efficiency or ease with which an asset or security can be converted into ready cash without affecting its market price. The most liquid asset of all is cash itself.', 'Liquidity', 1);
INSERT INTO `dictionary`.`term` (`term_id`, `description`, `details`, `title`, `team_team_id`) VALUES (5, 'A hedge is an investment that is made with the intention of reducing the risk of adverse price movements in an asset. Normally, a hedge consists of taking an offsetting or opposite position in a related security.', 'Hedging is a strategy that tries to limit risks in financial assets.', 'Hedge', 1);
INSERT INTO `dictionary`.`term` (`term_id`, `description`, `details`, `title`, `team_team_id`) VALUES (6, 'Hedge funds are alternative investments using pooled funds that employ different strategies to earn active returns, or alpha, for their investors.', 'Hedge funds are alternative investments using pooled funds that employ different strategies to earn active returns, or alpha, for their investors. Hedge funds may be aggressively managed or make use of derivatives and leverage in both domestic and international markets with the goal of generating high returns (either in an absolute sense or over a specified market benchmark).', 'Hedge Fund', 1);
INSERT INTO `dictionary`.`term` (`term_id`, `description`, `details`, `title`, `team_team_id`) VALUES (7, 'Gross income for an individual—also known as gross pay when it\'s on a paycheck—is the individual’s total pay from his or her employer before taxes or other deductions.', 'Gross income for an individual consists of income from wages and salary plus other forms of income, including pensions, interest, dividends and rental income.2﻿', 'Gross income', 1);
INSERT INTO `dictionary`.`term` (`term_id`, `description`, `details`, `title`, `team_team_id`) VALUES (8, 'An exchange rate is the value of one nation\'s currency versus the currency of another nation or economic zone. ', 'An exchange rate is the value of a country\'s currency vs. that of another country or economic zone.', 'Exchange Rate', 1);
INSERT INTO `dictionary`.`term` (`term_id`, `description`, `details`, `title`, `team_team_id`) VALUES (9, 'A derivative is a financial security with a value that is reliant upon or derived from, an underlying asset or group of assets—a benchmark.', 'The derivative itself is a contract between two or more parties, and the derivative derives its price from fluctuations in the underlying asset.', 'Derivative', 1);
INSERT INTO `dictionary`.`term` (`term_id`, `description`, `details`, `title`, `team_team_id`) VALUES (10, 'A bond is a fixed income instrument that represents a loan made by an investor to a borrower (typically corporate or governmental). ', 'Bonds are units of corporate debt issued by companies and securitized as tradeable assets.', 'Bond', 1);
INSERT INTO `dictionary`.`term` (`term_id`, `description`, `details`, `title`, `team_team_id`) VALUES (11, 'An asset is a resource with economic value that an individual, corporation, or country owns or controls with the expectation that it will provide a future benefit.', 'An asset is a resource with economic value that an individual, corporation, or country owns or controls with the expectation that it will provide a future benefit.', 'Asset', 1);
INSERT INTO `dictionary`.`term` (`term_id`, `description`, `details`, `title`, `team_team_id`) VALUES (12, 'An acquisition is when one company purchases most or all of another company\'s shares to gain control of that company. ', 'An acquisition occurs when one company buys most or all of another company\'s shares.', 'Acquisition', 1);
INSERT INTO `dictionary`.`term` (`term_id`, `description`, `details`, `title`, `team_team_id`) VALUES (13, 'Warrants are a derivative that give the right, but not the obligation, to buy or sell a security—most commonly an equity—at a certain price before expiration. ', ' The price at which the underlying security can be bought or sold is referred to as the exercise price or strike price. An American warrant can be exercised at any time on or before the expiration date, while European warrants can only be exercised on the expiration date. Warrants that give the right to buy a security are known as call warrants; those that give the right to sell a security are known as put warrants. ', 'Warrant', 1);
INSERT INTO `dictionary`.`term` (`term_id`, `description`, `details`, `title`, `team_team_id`) VALUES (14, 'Vesting is a legal term that means to give or earn a right to a present or future payment, asset, or benefit.', 'In the context of retirement plan benefits, vesting gives employees rights to employer-provided assets over time, which gives the employees an incentive to perform well and remain with a company. The vesting schedule set up by a company determines when employees acquire full ownership of the asset.', 'Vesting', 1);
INSERT INTO `dictionary`.`term` (`term_id`, `description`, `details`, `title`, `team_team_id`) VALUES (15, 'A trust fund is an estate planning tool that establishes a legal entity to hold property or assets for a person or organization.', 'A trust fund is designed to hold and manages assets on someone else\'s behalf, with the help of a neutral third-party.', 'Trust fund', '1');
INSERT INTO `dictionary`.`term` (`term_id`, `description`, `details`, `title`, `team_team_id`) VALUES (16, 'A product portfolio is the collection of all the products or services offered by a company', 'Product portfolio analysis can provide nuanced views on a stock type, company growth prospects, profit margin drivers, income contributions, market leadership, and operational risk. This is essential for investors conducting equity research by investors or analysts supporting internal corporate financial planning.A product portfolio is the menu of goods or services that a firm producer and offers for sale. Analysis of product portfolios can give deep and nuanced insight into the workings of a company and its earnings potential. Product portfolios will tend to be different for mature versus younger growth companies.', 'Product Portfolio', 1);
INSERT INTO `dictionary`.`term` (`term_id`, `description`, `details`, `title`, `team_team_id`) VALUES (17, 'Workday is a cloud-based software vendor that specializes in human capital management (HCM), enterprise resource management (ERP), and financial management applications.', 'Workday offers an open, standards-based SOAP API for programmatic access to it\'s On-Demand Business Management Services. Workday Web Services (WWS) provide developers with access to Workday’s robust business services via standards-based web services. These web services provide operations for interaction with many critical areas of Workday, including benefits, organization, payroll, and recruiting. It is designed for medium-to-large-sized companies, especially companies with multiple locations thanks to features like payroll management, time tracking, human resource management (HRM), talent management, data analysis, and much more, all within a single toolkit. Workday makes it easy as possible for employees to track their time.', 'Workday', 1);
INSERT INTO `dictionary`.`term` (`term_id`, `description`, `details`, `title`, `team_team_id`) VALUES (18, 'Regulatory University or RegU contains a library of more than 300 courses covering safety and soundness, consumer protection laws and regulations, high and emerging risk issues, products and services, and other topics of relevance to multiple lines of business', 'Regulatory University offers courses developed to cover emerging risk issues in a manner that strikes an optimal balance between substance and form. These courses teach your employees not just the “What?” but also the “Why?” and “How?” to ensure  compliance. Courses incorporate:  Real-world scenarios based on actual cases or enforcement actions to maximize learning. Frequent pop quizzes and exercises. Immediate feedback that is provided to a learner prior to taking the test.', 'Regulatory University', 1);
INSERT INTO `dictionary`.`term` (`term_id`, `description`, `details`, `title`, `team_team_id`) VALUES (19, 'Bit9 is a sfotware solution that continuously monitors and records all activity on endpoints and servers and stops cyber threats that evade traditional security defenses.', 'Bit9 is a sfotware solution that continuously monitors and records all activity on endpoints and servers and stops cyber threats that evade traditional security defenses.', 'Bit9', 1);
INSERT INTO `dictionary`.`term` (`term_id`, `description`, `details`, `title`, `team_team_id`) VALUES (20, 'Morgan Stanley is an American multinational investment bank and financial services company.', 'Morgan Stanley is a financial services corporation that, through its affiliates and subsidiaries, advises, and originates, trades, manages, and distributes capital for institutions, governments, and individuals. The company operates in three business segments: Institutional Securities, Wealth Management, and Investment Management.', 'Morgan Stanley', 2);
INSERT INTO `dictionary`.`term` (`term_id`, `description`, `details`, `title`, `team_team_id`) VALUES (21, 'HSBC Holdings plc is a British multinational investment bank and financial services holding company. ', 'It is the largest bank in Europe, with total assets of US$2.984 trillion. HSBC traces its origin to a hong in British Hong Kong and its present form was established in London by the Hongkong and Shanghai Banking Corporation to act as a new group holding company in 1991. HSBC has around 3,900 offices in 65 countries and territories across Africa, Asia, Oceania, Europe, North America, and South America, and around 38 million customers.As of 2014, it was the world\'s sixth-largest public company, according to a composite measure by Forbes magazine.It is considered a systemically important bank by the Financial Stability Board.', 'HSBC', 2);
INSERT INTO `dictionary`.`term` (`term_id`, `description`, `details`, `title`, `team_team_id`) VALUES (22, 'DekaBank Deutsche Girozentrale is the central Wertpapierhaus (Provider of Asset Management and Capital Market Solutions) of the German Savings Bank Finance Group. ', 'Registered in Frankfurt am Main and Berlin, its headquarters is based in Frankfurt. DekaBank is the central asset manager of the Savings Banks Group. As a central provider, the bank bundles its competencies in asset management and financial services in its five business areas of asset management, real estate, services, capital markets and financing. Retail and institutional clients and investors can choose from a wide range of investment products and services. DekaBank cooperates closely with local savings banks and German Landesbanken. Additionally, it is represented internationally with branches, subsidiaries and representative offices in eleven countries.', 'DekaBank', 3);
INSERT INTO `dictionary`.`term` (`term_id`, `description`, `details`, `title`, `team_team_id`) VALUES (23, 'Commerzbank Aktiengesellschaft is a major German bank operating as a universal bank, headquartered in Frankfurt am Main.', 'In the 2019 financial year, the bank was the second largest in Germany by the total value of its balance sheet. The bank is present in more than 50 countries around the world and provides almost a third of Germany\'s trade finance. In 2017, it handled 13 million customers in Germany and 5 million customers in Central and Eastern Europe. Commerzbank is a member of the Cash Group. 15% of the shares are owned by the Federal Republic of Germany and 85% are in free float.', 'Commerzbank', 3);
INSERT INTO `dictionary`.`term` (`term_id`, `description`, `details`, `title`, `team_team_id`) VALUES (24, 'Landesbank Baden-Württemberg (LBBW) is a universal bank and the Landesbank for some Federal States of Germany (Baden-Württemberg, Rheinland-Pfalz, Sachsen). As of 2018, it is Germany\'s biggest state-backed landesbank lender.', 'LBBW is a full-service and commercial bank and central bank for savings banks in Baden-Württemberg, Rhineland-Palatinate and Saxony. The company focuses on industrial technologies, information technology, software, telecommunication, innovative services and life science. It prefers to invest in Southern Germany, but also considers investments in other regions of Germany, Austria and Switzerland.', 'LBBW', 3);
INSERT INTO `dictionary`.`term` (`term_id`, `description`, `details`, `title`, `team_team_id`) VALUES (25, 'In software development, agile practices involve discovering requirements and developing solutions through the collaborative effort of self-organizing and cross-functional teams and their customers/end users.', 'The Agile methodology is a way to manage a project by breaking it up into several phases. It involves constant collaboration with stakeholders and continuous improvement at every stage. Once the work begins, teams cycle through a process of planning, executing, and evaluating. Continuous collaboration is vital, both with team members and project stakeholders.  It’s a process for managing a project that involves constant collaboration and working in iterations. Today, the word Agile can refer to these values and the frameworks for implementing them, including Scrum, Kanban, Extreme Programming (XP), and Adaptive Project Framework (APF).', 'Agile' , 1);
INSERT INTO `dictionary`.`term` (`term_id`, `description`, `details`, `title`, `team_team_id`) VALUES (26, 'APTPro is a powerful interactive desktop application for analysing portfolios of multiple asset classes across different countries to predict their tracking errors and risk exposures.', 'It provides significant new features and major improvements in usability, in particular: Simplified workflow, fully customizable analysis layouts, powerful position-based analysis pages with multi-level grouping, filtering, allocation analysis, and flexible charting, support for multiple portfolios and benchmarks within a single workspace, support for multiple revisions of each portfolio, easier file importing, including importing from XML.', 'APTPro', 2);
INSERT INTO `dictionary`.`term` (`term_id`, `description`, `details`, `title`, `team_team_id`) VALUES (27, 'The integration of APT and Monis provides a flexible risk reporting system which delivers both portfolio-level risk metrics such as tracking error and its decomposition, and convertible bond risk factor sensitivities.', 'The integration of APT and Monis provides a flexible risk reporting system which delivers both portfolio-level risk metrics such as tracking error and its decomposition, and convertible bond risk factor sensitivities. The system is transparent, permitting you to view the details of individual holdings and to utilize the full range of Monis analytic capabilities on those holdings. It also provides consistent and intuitive reporting results; these results are based on common market data and terms and conditions, and a common analytical data framework. \n The APT Monis integration delivers functionality required by both the middle and front offices. This solution will be of particular use to market risk managers, who need the single platform risk reporting functionality that it provides, and portfolio managers, who require its consistent and intuitive reporting results.', 'APT Monis', 2);
INSERT INTO `dictionary`.`term` (`term_id`, `description`, `details`, `title`, `team_team_id`) VALUES (28, 'ServiceNow is a ticketing system for resolving everyday internal IT issues.', 'ServiceNow is a ticketing tool that processes and catalogs customer service requests. You can raise requests that deal with incidents, changes, problems, and other services using tools like ServiceNow. ServiceNow had its roots set in ITSM since 2012. However, with changing technology and the advent of cloud, it created its niche as a cross-departmental platform which functions as an enterprise cloud solution which is built on top of all other applications. Its ability to create workflows which automate the process of data extraction makes it a unique offering in today’s cloud space.','Service Now', 1);
INSERT INTO `dictionary`.`term` (`term_id`, `description`, `details`, `title`, `team_team_id`) VALUES (29, 'Planview is one of the projects and portfolio management tools used in our organization.', 'Planview PPM software offers Gantt charts, schedule views, project statusing, lifecycle management, time tracking, and more to help improve project planning and execution. With collaborative work management, team members get workspaces to execute tasks, collaborative projects, and ongoing team activities.', 'Planview', 1);
INSERT INTO `dictionary`.`term` (`term_id`, `description`, `details`, `title`, `team_team_id`) VALUES (30, 'Moonshot is internal APT term for VM.', 'Moonshot  is a term for developers VM''s where they deploy applications.', 'Moonshot', 2);
INSERT INTO `dictionary`.`term` (`term_id`, `description`, `details`, `title`, `team_team_id`) VALUES (31, 'The FIS Responsive UI Framework (RUF) provides you with all the common UI features an application needs so you can focus on what makes your application unique.', 'The Framework aims at providing application developers with a ready-to-use application shell, core services, UI components and styling to speed up development of modern web applications. The framework doesn''t rely on any particular backend technology so it can be used with your existing backend. We also provide a complete development platform and tools to help you build, serve, test and deploy your application so you don''t have to deal with a multitude of complex configuration files. Why RUF? \n\t 1. Reusable visual components to implement a consistent UI across FIS products. \n\t 2. Implements the `One FIS` Vision. \n\t 3. Reduces cost of ownership & development.\n\t  4. Based on the FIS Style Guide; facilitates compliance. (Style guide site requires wired FIS network connection or VPN to access). \n\t 5. Feature rich components due to many teams contributing their own source code to the community.', 'RUF', 1);
INSERT INTO `dictionary`.`term` (`term_id`, `description`, `details`, `title`, `team_team_id`) VALUES (32, 'Bamboo is a continuous integration (CI) server that can be used to automate the release management for a software application, creating a continuous delivery pipeline.', 'Developed by Atlassian in 2007, this tool allows the developers to automatically build, document, integrate, test the source code and prepare an app for deployment. It comes with the flexibility to use various tools, easy to use graphical user interface and allows the developers to use CI/ CD methodologies. \n With Bamboo, you can ensure high quality and status, get end-to-end visibility into release implementation and spend maximum time writing the code rather than integrate various software. It also provides built-in deployment support, powerful build agent management, automated merging, and built-in Git branch workflows.', 'Bamboo', 1);
INSERT INTO `dictionary`.`term` (`term_id`, `description`, `details`, `title`, `team_team_id`) VALUES (33, 'In software engineering, continuous integration (CI) is the practice of merging all developers'' working copies to a shared mainline several times a day.', 'Continuous integration is a coding philosophy and set of practices that drive development teams to implement small changes and check in code to version control repositories frequently. Because most modern applications require developing code in different platforms and tools, the team needs a mechanism to integrate and validate its changes.', 'CI (Continuous Integration)', 1);
INSERT INTO `dictionary`.`term` (`term_id`, `description`, `details`, `title`, `team_team_id`) VALUES (34, 'Jira Software is part of a family of products designed to help teams of all types manage work. ', 'Originally, Jira was designed as a bug and issue tracker. But today, Jira has evolved into a powerful work management tool for all kinds of use cases, from requirements and test case management to agile software development.', 'Jira', 1);

-- Term tags
INSERT INTO `dictionary`.`term_tags`(`term_term_id`, `tags_tag_id`)
VALUES (1, 1), (2, 1), (3, 1), (4, 1), (5, 1), (6, 1), (7, 1), (8, 1), (9, 1), (10, 1), (11, 1), (12, 1), (13, 1), (14, 1), (15, 1), (16, 1), (17, 3), (18, 3), (19, 3), (20, 5), (21, 5), (22, 5), (23, 5), (24, 5), (25, 1), (26, 4), (26, 5), (27, 4), (27, 5), (28, 3), (29, 3), (30, 2), (31, 2), (32, 2), (33, 2), (34, 2);


-- Links
INSERT INTO `dictionary`.`link` (`name`, `term_term_id`) VALUES ('https://www.investopedia.com/terms/y/yield.asp', '1');
INSERT INTO `dictionary`.`link` (`name`, `term_term_id`) VALUES ('https://www.investopedia.com/terms/q/quantitydemanded.asp', '2');
INSERT INTO `dictionary`.`link` (`name`, `term_term_id`) VALUES ('https://www.investopedia.com/terms/l/leverage.asp', '3');
INSERT INTO `dictionary`.`link` (`name`, `term_term_id`) VALUES ('https://www.investopedia.com/terms/l/liquidity.asp', '4');
INSERT INTO `dictionary`.`link` (`name`, `term_term_id`) VALUES ('https://www.investopedia.com/terms/h/hedge.asp', '5');
INSERT INTO `dictionary`.`link` (`name`, `term_term_id`) VALUES ('https://www.investopedia.com/terms/h/hedgefund.asp', '6');
INSERT INTO `dictionary`.`link` (`name`, `term_term_id`) VALUES ('https://www.investopedia.com/terms/g/grossincome.asp', '7');
INSERT INTO `dictionary`.`link` (`name`, `term_term_id`) VALUES ('https://www.investopedia.com/terms/e/exchangerate.asp', '8');
INSERT INTO `dictionary`.`link` (`name`, `term_term_id`) VALUES ('https://www.investopedia.com/terms/d/derivative.asp', '9');
INSERT INTO `dictionary`.`link` (`name`, `term_term_id`) VALUES ('https://www.investopedia.com/terms/b/bond.asp', '10');
INSERT INTO `dictionary`.`link` (`name`, `term_term_id`) VALUES ('https://www.investopedia.com/terms/f/financialasset.asp', '11');
INSERT INTO `dictionary`.`link` (`name`, `term_term_id`) VALUES ('https://www.investopedia.com/terms/a/acquisition.asp', '12');
INSERT INTO `dictionary`.`link` (`name`, `term_term_id`) VALUES ('https://www.investopedia.com/terms/w/warrant.asp', '13');
INSERT INTO `dictionary`.`link` (`name`, `term_term_id`) VALUES ('https://www.investopedia.com/terms/v/vesting.asp', '14');
INSERT INTO `dictionary`.`link` (`name`, `term_term_id`) VALUES ('https://www.investopedia.com/terms/t/trust-fund.asp', '15');
INSERT INTO `dictionary`.`link` (`name`, `term_term_id`) VALUES ('https://www.investopedia.com/terms/p/product-portfolio.asp', '16');
INSERT INTO `dictionary`.`link` (`name`, `term_term_id`) VALUES ('https://wd5.myworkday.com/fis/d/home.htmld', '17');
INSERT INTO `dictionary`.`link` (`name`, `term_term_id`) VALUES ('https://regu.fisglobal.com/', '18');
INSERT INTO `dictionary`.`link` (`name`, `term_term_id`) VALUES ('https://www.morganstanley.com/', '20');
INSERT INTO `dictionary`.`link` (`name`, `term_term_id`) VALUES ('https://www.hsbc.com/', '21');
INSERT INTO `dictionary`.`link` (`name`, `term_term_id`) VALUES ('https://www.deka.de/deka-group', '22');
INSERT INTO `dictionary`.`link` (`name`, `term_term_id`) VALUES ('https://www.commerzbank.com/', '23');
INSERT INTO `dictionary`.`link` (`name`, `term_term_id`) VALUES ('https://www.lbbw.de/', '24');
INSERT INTO `dictionary`.`link` (`name`, `term_term_id`) VALUES ('https://www.linkedin.com/learning/agile-development-practices/welcome?u=2141490', '25');
INSERT INTO `dictionary`.`link` (`name`, `term_term_id`) VALUES ('https://planv.fnfis.com/', '29');
INSERT INTO `dictionary`.`link` (`name`, `term_term_id`) VALUES ('https://www.linkedin.com/learning/topics/bamboo?u=2141490', '32');
INSERT INTO `dictionary`.`link` (`name`, `term_term_id`) VALUES ('https://www.linkedin.com/learning/devops-foundations-continuous-delivery-continuous-integration/welcome?u=2141490', '33');
INSERT INTO `dictionary`.`link` (`name`, `term_term_id`) VALUES ('https://www.linkedin.com/learning/search?keywords=continuous%20integration&u=2141490', '33');

